﻿designator,quantity,value,pack,mpn,mount_type
"., .",2,.,ARGUS_LOGO,,tht
"C1, C2",2,10nF,C_0603_1608Metric,,smt
C3,1,47uF,C_0805_2012Metric,,smt
C4,1,1uF,C_0805_2012Metric,,smt
"C5, C8",2,4.7uF,C_0805_2012Metric,,smt
"C6, C7",2,CGA3E2X7R1H223K080AA,CAPC1608X90N,,smt
"D1, D2, D3, D4, D5",5,RB521S30T1G,SODFL1608X70N,,smt
FL1,1,DXW21HN5011BL,DXW21HN5011BL,,smt
IC1,1,LTC4316IDD#PBF,SON50P300X300X85-11N-D,,smt
"IC2, IC3, IC4",3,SM141K08TFV,SODFL520290X120N,,smt
J1,1,F3311A7H121014E200,F3311A7H121014E200,,smt
J2,1,73412-0114,73412-0110,,smt
J3,1,Tape_Measure_Antenna,Radio_antenna,,tht
"JP1, JP2",2,~,SMT-JUMPER_3_NO_NO-SILK,,tht
L1,1,LQM2HPN4R7MG0L,LQM2HPN1R0MG0L,,smt
"Q1, Q2, Q4, Q5",4,BSS138,SOT-23,,smt
"Q3, Q6",2,MBT2222ADW1T1,SOT-363_SC-70-6,,smt
R1,1,182K,R_0805_2012Metric,,smt
"R10, R14, R16, R17, R3, R4, R5, R6, R7, R9",10,10K,R_0805_2012Metric,,smt
"R11, R18",2,100K,R_0805_2012Metric,,smt
"R12, R13",2,0,R_0603_1608Metric,,smt
"R15, R8",2,600,R_0805_2012Metric,,smt
R19,1,CHV2010-FX-1005ELF,RESC5025X70N,,smt
R2,1,976k,R_0805_2012Metric,,smt
R20,1,RC1206FR-072M49L,RESC3116X65N,,smt
R21,1,RV1206JR-0722ML,RESC3116X65N,,smt
R22,1,RC1206FR-072ML,RESC3116X65N,,smt
U1,1,OPT4001DTST,DTS0008A-MFG,,smt
U2,1,LTC3130EUDC-1-PBF,UDC_20_ADI,,smt
