﻿pos_x,pos_y,rotation,side,designator,mpn,pack,value,mount_type,place
126.53,-51.22,90.0,top,.,,ARGUS_LOGO,.,tht,False
142.38,-97.35,-90.0,bottom,.,,ARGUS_LOGO,.,tht,False
186.874875,-113.104925,180.0,bottom,C1,,C_0603_1608Metric,10nF,smt,True
196.19,-94.17,0.0,bottom,C2,,C_0603_1608Metric,10nF,smt,True
182.8,-63.81,-90.0,bottom,C3,,C_0805_2012Metric,47uF,smt,True
184.83,-63.8,-90.0,bottom,C4,,C_0805_2012Metric,1uF,smt,True
178.81,-53.12,90.0,bottom,C5,,C_0805_2012Metric,4.7uF,smt,True
186.89,-56.46,-90.0,bottom,C6,,CAPC1608X90N,CGA3E2X7R1H223K080AA,smt,True
186.88,-52.58,-90.0,bottom,C7,,CAPC1608X90N,CGA3E2X7R1H223K080AA,smt,True
181.89,-50.92,180.0,bottom,C8,,C_0805_2012Metric,4.7uF,smt,True
196.65,-40.47,0.0,top,D1,,SODFL1608X70N,RB521S30T1G,smt,True
214.71,-96.52,-90.0,top,D2,,SODFL1608X70N,RB521S30T1G,smt,True
174.44,-63.04,180.0,bottom,D3,,SODFL1608X70N,RB521S30T1G,smt,True
124.81,-116.5,90.0,top,D4,,SODFL1608X70N,RB521S30T1G,smt,True
193.35,-49.92,180.0,bottom,D5,,SODFL1608X70N,RB521S30T1G,smt,True
169.88,-95.72,-90.0,bottom,FL1,,DXW21HN5011BL,DXW21HN5011BL,smt,True
182.23,-70.22,0.0,bottom,IC1,,SON50P300X300X85-11N-D,LTC4316IDD#PBF,smt,True
188.7,-56.62,0.0,top,IC2,,SODFL520290X120N,SM141K08TFV,smt,True
198.87,-100.61,-90.0,top,IC3,,SODFL520290X120N,SM141K08TFV,smt,True
140.77,-100.61,90.0,top,IC4,,SODFL520290X120N,SM141K08TFV,smt,True
202.785,-105.975,-90.0,bottom,J1,,F3311A7H121014E200,F3311A7H121014E200,smt,True
152.33,-93.25,-90.0,bottom,J2,,73412-0110,73412-0114,smt,True
171.71,-108.33,90.0,top,J3,,Radio_antenna,Tape_Measure_Antenna,tht,True
178.63,-76.41,-90.0,top,JP1,,SMT-JUMPER_3_NO_NO-SILK,~,tht,True
175.58,-72.75,90.0,top,JP2,,SMT-JUMPER_3_NO_NO-SILK,~,tht,True
189.9,-54.35,-90.0,bottom,L1,,LQM2HPN1R0MG0L,LQM2HPN4R7MG0L,smt,True
183.714875,-116.684925,180.0,bottom,Q1,,SOT-23,BSS138,smt,True
187.924875,-115.744925,180.0,bottom,Q2,,SOT-23,BSS138,smt,True
191.094875,-111.554925,0.0,bottom,Q3,,SOT-363_SC-70-6,MBT2222ADW1T1,smt,True
198.92,-90.35,0.0,bottom,Q4,,SOT-23,BSS138,smt,True
194.9,-91.34,0.0,bottom,Q5,,SOT-23,BSS138,smt,True
192.83,-96.4,180.0,bottom,Q6,,SOT-363_SC-70-6,MBT2222ADW1T1,smt,True
178.31,-71.9,-90.0,bottom,R1,,R_0805_2012Metric,182K,smt,True
194.664875,-110.294925,0.0,bottom,R10,,R_0805_2012Metric,10K,smt,True
194.664875,-113.054925,180.0,bottom,R11,,R_0805_2012Metric,100K,smt,True
191.184875,-106.244925,0.0,bottom,R12,,R_0603_1608Metric,0,smt,False
192.65,-101.67,180.0,bottom,R13,,R_0603_1608Metric,0,smt,False
189.1,-91.65,180.0,bottom,R14,,R_0805_2012Metric,10K,smt,True
192.69,-99.65,180.0,bottom,R15,,R_0805_2012Metric,600,smt,True
189.1,-99.62,0.0,bottom,R16,,R_0805_2012Metric,10K,smt,True
189.1,-97.2,180.0,bottom,R17,,R_0805_2012Metric,10K,smt,True
189.1,-94.95,0.0,bottom,R18,,R_0805_2012Metric,100K,smt,True
180.08,-60.58,-90.0,bottom,R19,,RESC5025X70N,CHV2010-FX-1005ELF,smt,True
178.28,-68.32,-90.0,bottom,R2,,R_0805_2012Metric,976k,smt,True
177.06,-59.62,90.0,bottom,R20,,RESC3116X65N,RC1206FR-072M49L,smt,True
176.31,-53.68,90.0,bottom,R21,,RESC3116X65N,RV1206JR-0722ML,smt,True
173.89,-53.69,-90.0,bottom,R22,,RESC3116X65N,RC1206FR-072ML,smt,True
181.38,-76.58,90.0,top,R3,,R_0805_2012Metric,10K,smt,True
183.71,-76.14,90.0,top,R4,,R_0805_2012Metric,10K,smt,True
186.34,-67.61,90.0,bottom,R5,,R_0805_2012Metric,10K,smt,True
188.42,-67.61,90.0,bottom,R6,,R_0805_2012Metric,10K,smt,True
194.664875,-116.104925,0.0,bottom,R7,,R_0805_2012Metric,10K,smt,True
191.114875,-108.224925,180.0,bottom,R8,,R_0805_2012Metric,600,smt,True
194.664875,-108.274925,180.0,bottom,R9,,R_0805_2012Metric,10K,smt,True
178.53,-73.67,0.0,top,U1,,DTS0008A-MFG,OPT4001DTST,smt,True
183.02,-54.82,90.0,bottom,U2,,UDC_20_ADI,LTC3130EUDC-1-PBF,smt,True
