<?xml version="1.0" encoding="utf-8"?>
<!--/19146820/125022/2.50/2/0/Integrated Circuit/-->
<quadcept_library>
  <setting unit="mil" />
  <textstyle name="Default" height="47.244094488189" strokewidth="7.8740157480315" charwidth="47.244094488189" />
  <textstyle name="Dimension" height="19.6850393700787" strokewidth="0" charwidth="19.6850393700787" />
  <textstyle name="H127W0635TH00762" height="50" strokewidth="3" charwidth="25" />
  <textstyle name="H15W15TH02" height="59.0551181102362" strokewidth="7.8740157480315" charwidth="59.0551181102362" />
  <padstyle name="r684_414" surface="True" plated="False" isvia="False" nopaste="False" nomask="True" complex="False" holesize="0">
    <padshape layer="TOP" shape="rectangle" width="162.99212598425" height="269.29133858267" />
    <padshape layer="TOP_SOLDER_MASK" shape="rectangle" width="170.86614173228" height="277.16535433071" />
    <padshape layer="TOP_SOLDER_PASTE" shape="rectangle" width="162.99212598425" height="269.29133858267" />
  </padstyle>
  <footprint name="SODFL340230X120N" originx="0" originy="0" pickpointx="0" pickpointy="0">
    <pcbpin number="1" name="1" style="r684_414" originx="-545.27559055117" originy="0" rotation="90" />
    <pcbpin number="2" name="2" style="r684_414" originx="545.27559055117" originy="0" rotation="90" />
    <line layer="TOP_PLACE_BOUND" originx="-685.82677165353" originy="458.66141732283" endx="685.82677165353" endy="458.66141732283" width="1.9685039370079" />
    <line layer="TOP_PLACE_BOUND" originx="685.82677165353" originy="458.66141732283" endx="685.82677165353" endy="-458.66141732283" width="1.9685039370079" />
    <line layer="TOP_PLACE_BOUND" originx="685.82677165353" originy="-458.66141732283" endx="-685.82677165353" endy="-458.66141732283" width="1.9685039370079" />
    <line layer="TOP_PLACE_BOUND" originx="-685.82677165353" originy="-458.66141732283" endx="-685.82677165353" endy="458.66141732283" width="1.9685039370079" />
    <line layer="TOP_ASSEMBLY" originx="-570.86614173228" originy="452.75590551181" endx="570.86614173228" endy="452.75590551181" width="3.9370078740157" />
    <line layer="TOP_ASSEMBLY" originx="570.86614173228" originy="452.75590551181" endx="570.86614173228" endy="-452.75590551181" width="3.9370078740157" />
    <line layer="TOP_ASSEMBLY" originx="570.86614173228" originy="-452.75590551181" endx="-570.86614173228" endy="-452.75590551181" width="3.9370078740157" />
    <line layer="TOP_ASSEMBLY" originx="-570.86614173228" originy="-452.75590551181" endx="-570.86614173228" endy="452.75590551181" width="3.9370078740157" />
    <line layer="TOP_ASSEMBLY" originx="-570.86614173228" originy="318.11023622047" endx="-436.22047244094" endy="452.75590551181" width="3.9370078740157" />
    <line layer="TOP_SILKSCREEN" originx="-679.92125984251" originy="452.75590551181" endx="570.86614173228" endy="452.75590551181" width="7.8740157480314" />
    <line layer="TOP_SILKSCREEN" originx="-570.86614173228" originy="-452.75590551181" endx="570.86614173228" endy="-452.75590551181" width="7.8740157480314" />
  </footprint>
  <symbol name="SM141K04TFV" originx="0" originy="0">
    <line originx="200" originy="100" endx="700" endy="100" width="0" />
    <line originx="700" originy="-200" endx="700" endy="100" width="0" />
    <line originx="700" originy="-200" endx="200" endy="-200" width="0" />
    <line originx="200" originy="100" endx="200" endy="-200" width="0" />
    <sympin number="1" originx="200" originy="0" rotation="180" length="100" width="7.8740157480315" flipped="False">
      <text name="pinname" originx="230" originy="0" style="Default" rotation="0" justify="left" flipped="False" hidden="False" data="POS" />
      <text name="pindes" originx="140" originy="20" style="Default" rotation="0" justify="lowerright" flipped="False" hidden="False" data="1" />
    </sympin>
    <sympin number="2" originx="200" originy="-100" rotation="180" length="100" width="7.8740157480315" flipped="False">
      <text name="pinname" originx="230" originy="-100" style="Default" rotation="0" justify="left" flipped="False" hidden="False" data="NEG" />
      <text name="pindes" originx="140" originy="-80" style="Default" rotation="0" justify="lowerright" flipped="False" hidden="False" data="2" />
    </sympin>
  </symbol>
  <component name="SM141K04TFV" designatorprefix="IC" height="47.244094488188" footprint="SODFL340230X120N">
    <comppin designator="1" sympin="1" pinswap="0" gateswap="0" gate="1" group="1" side="" type="Power" name="POS" />
    <comppin designator="2" sympin="2" pinswap="0" gateswap="0" gate="1" group="1" side="" type="Ground" name="NEG" />
    <attached_symbol gate="1" name="SM141K04TFV" />
    <pinmap designator="1" footprintpin="1" />
    <pinmap designator="2" footprintpin="2" />
    <text name="Datasheet" originx="0" originy="0" style="Default" rotation="0" justify="" flipped="False" hidden="True" data="https://waf-e.dubuplus.com/anysolar.dubuplus.com/techsupport@anysolar.biz/O18BEsz/DubuDisk/www/Gen3/SM141K04TFV DATA SHEET 202105.pdf" />
    <text name="Description" originx="0" originy="0" style="Default" rotation="0" justify="" flipped="False" hidden="True" data="SOLAR CELL G3 THIN 2.76V 123MW" />
    <text name="Manufacturer_Name" originx="0" originy="0" style="Default" rotation="0" justify="" flipped="False" hidden="True" data="ANYSOLAR" />
    <text name="Manufacturer_Part_Number" originx="750" originy="200" style="Default" rotation="0" justify="left" flipped="False" hidden="False" data="SM141K04TFV" />
    <text name="Mouser Part Number" originx="0" originy="0" style="Default" rotation="0" justify="" flipped="False" hidden="True" data="" />
    <text name="Mouser Price/Stock" originx="0" originy="0" style="Default" rotation="0" justify="" flipped="False" hidden="True" data="" />
    <text name="Arrow Part Number" originx="0" originy="0" style="Default" rotation="0" justify="" flipped="False" hidden="True" data="" />
    <text name="Arrow Price/Stock" originx="0" originy="0" style="Default" rotation="0" justify="" flipped="False" hidden="True" data="" />
  </component>
</quadcept_library>
