<?xml version="1.0" encoding="utf-8"?>
<!--/970088/125022/2.50/2/5/Capacitor/-->
<quadcept_library>
  <setting unit="mil" />
  <textstyle name="Default" height="47.244094488189" strokewidth="7.8740157480315" charwidth="47.244094488189" />
  <textstyle name="Dimension" height="19.6850393700787" strokewidth="0" charwidth="19.6850393700787" />
  <textstyle name="H127W0635TH00762" height="50" strokewidth="3" charwidth="25" />
  <textstyle name="H15W15TH02" height="59.0551181102362" strokewidth="7.8740157480315" charwidth="59.0551181102362" />
  <padstyle name="r46_42" surface="True" plated="False" isvia="False" nopaste="False" nomask="True" complex="False" holesize="0">
    <padshape layer="TOP" shape="rectangle" width="16.535433070866" height="18.110236220472" />
    <padshape layer="TOP_SOLDER_MASK" shape="rectangle" width="24.409448818897" height="25.984251968504" />
    <padshape layer="TOP_SOLDER_PASTE" shape="rectangle" width="16.535433070866" height="18.110236220472" />
  </padstyle>
  <footprint name="CAPC0603X33N" originx="0" originy="0" pickpointx="0" pickpointy="0">
    <pcbpin number="1" name="1" style="r46_42" originx="-12.992125984252" originy="0" rotation="90" />
    <pcbpin number="2" name="2" style="r46_42" originx="12.992125984252" originy="0" rotation="90" />
    <line layer="TOP_PLACE_BOUND" originx="-27.952755905511" originy="14.173228346457" endx="27.952755905511" endy="14.173228346457" width="1.9685039370079" />
    <line layer="TOP_PLACE_BOUND" originx="27.952755905511" originy="14.173228346457" endx="27.952755905511" endy="-14.173228346457" width="1.9685039370079" />
    <line layer="TOP_PLACE_BOUND" originx="27.952755905511" originy="-14.173228346457" endx="-27.952755905511" endy="-14.173228346457" width="1.9685039370079" />
    <line layer="TOP_PLACE_BOUND" originx="-27.952755905511" originy="-14.173228346457" endx="-27.952755905511" endy="14.173228346457" width="1.9685039370079" />
    <line layer="TOP_ASSEMBLY" originx="-11.811023622047" originy="5.9055118110235" endx="11.811023622047" endy="5.9055118110235" width="3.9370078740157" />
    <line layer="TOP_ASSEMBLY" originx="11.811023622047" originy="5.9055118110235" endx="11.811023622047" endy="-5.9055118110235" width="3.9370078740157" />
    <line layer="TOP_ASSEMBLY" originx="11.811023622047" originy="-5.9055118110235" endx="-11.811023622047" endy="-5.9055118110235" width="3.9370078740157" />
    <line layer="TOP_ASSEMBLY" originx="-11.811023622047" originy="-5.9055118110235" endx="-11.811023622047" endy="5.9055118110235" width="3.9370078740157" />
  </footprint>
  <symbol name="GRM033R60J224KE15D" originx="0" originy="0">
    <line originx="220" originy="100" endx="220" endy="-100" width="0" />
    <line originx="280" originy="100" endx="280" endy="-100" width="0" />
    <line originx="200" originy="0" endx="220" endy="0" width="0" />
    <line originx="280" originy="0" endx="300" endy="0" width="0" />
    <sympin number="1" originx="200" originy="0" rotation="180" length="100" width="7.8740157480315" flipped="False">
      <text name="pinname" originx="0" originy="-10" style="Default" rotation="0" justify="upperleft" flipped="False" hidden="True" data="1" />
      <text name="pindes" originx="0" originy="10" style="Default" rotation="0" justify="lowerleft" flipped="False" hidden="False" data="1" />
    </sympin>
    <sympin number="2" originx="300" originy="0" rotation="0" length="100" width="7.8740157480315" flipped="False">
      <text name="pinname" originx="500" originy="-10" style="Default" rotation="0" justify="upperright" flipped="False" hidden="True" data="2" />
      <text name="pindes" originx="500" originy="10" style="Default" rotation="0" justify="lowerright" flipped="False" hidden="False" data="2" />
    </sympin>
  </symbol>
  <component name="GRM033R60J224KE15D" designatorprefix="C" height="12.992125984252" footprint="CAPC0603X33N">
    <comppin designator="1" sympin="1" pinswap="0" gateswap="0" gate="1" group="1" side="" type="Any" name="1" />
    <comppin designator="2" sympin="2" pinswap="0" gateswap="0" gate="1" group="1" side="" type="Any" name="2" />
    <attached_symbol gate="1" name="GRM033R60J224KE15D" />
    <pinmap designator="1" footprintpin="1" />
    <pinmap designator="2" footprintpin="2" />
    <text name="Datasheet" originx="0" originy="0" style="Default" rotation="0" justify="" flipped="False" hidden="True" data="http://www.murata.com/~/media/webrenewal/support/library/catalog/products/capacitor/mlcc/c02e.pdf" />
    <text name="Description" originx="0" originy="0" style="Default" rotation="0" justify="" flipped="False" hidden="True" data="MURATA - GRM033R60J224KE15D - CAP, 0.22UF, 6.3V, MLCC, 0201" />
    <text name="Manufacturer_Name" originx="0" originy="0" style="Default" rotation="0" justify="" flipped="False" hidden="True" data="Murata Electronics" />
    <text name="Manufacturer_Part_Number" originx="350" originy="150" style="Default" rotation="0" justify="left" flipped="False" hidden="False" data="GRM033R60J224KE15D" />
    <text name="Mouser Part Number" originx="0" originy="0" style="Default" rotation="0" justify="" flipped="False" hidden="True" data="81-GRM33R60J224KE15D" />
    <text name="Mouser Price/Stock" originx="0" originy="0" style="Default" rotation="0" justify="" flipped="False" hidden="True" data="https://www.mouser.co.uk/ProductDetail/Murata-Electronics/GRM033R60J224KE15D?qs=2W5sgKM%2F372eQsbMkBhO2Q%3D%3D" />
    <text name="Arrow Part Number" originx="0" originy="0" style="Default" rotation="0" justify="" flipped="False" hidden="True" data="GRM033R60J224KE15D" />
    <text name="Arrow Price/Stock" originx="0" originy="0" style="Default" rotation="0" justify="" flipped="False" hidden="True" data="https://www.arrow.com/en/products/grm033r60j224ke15d/murata-manufacturing?region=nac" />
  </component>
</quadcept_library>
