<?xml version="1.0" encoding="utf-8"?>
<!--/490514/125022/2.50/2/3/Capacitor/-->
<quadcept_library>
  <setting unit="mil" />
  <textstyle name="Default" height="47.244094488189" strokewidth="7.8740157480315" charwidth="47.244094488189" />
  <textstyle name="Dimension" height="19.6850393700787" strokewidth="0" charwidth="19.6850393700787" />
  <textstyle name="H127W0635TH00762" height="50" strokewidth="3" charwidth="25" />
  <textstyle name="H15W15TH02" height="59.0551181102362" strokewidth="7.8740157480315" charwidth="59.0551181102362" />
  <padstyle name="r94_73" surface="True" plated="False" isvia="False" nopaste="False" nomask="True" complex="False" holesize="0">
    <padshape layer="TOP" shape="rectangle" width="28.740157480315" height="37.007874015748" />
    <padshape layer="TOP_SOLDER_MASK" shape="rectangle" width="36.614173228346" height="44.881889763779" />
    <padshape layer="TOP_SOLDER_PASTE" shape="rectangle" width="28.740157480315" height="37.007874015748" />
  </padstyle>
  <footprint name="CAPC1608X90N" originx="0" originy="0" pickpointx="0" pickpointy="0">
    <pcbpin number="1" name="1" style="r94_73" originx="-27.952755905511" originy="0" rotation="0" />
    <pcbpin number="2" name="2" style="r94_73" originx="27.952755905511" originy="0" rotation="0" />
    <line layer="TOP_PLACE_BOUND" originx="-48.228346456692" originy="24.409448818897" endx="48.228346456692" endy="24.409448818897" width="1.9685039370079" />
    <line layer="TOP_PLACE_BOUND" originx="48.228346456692" originy="24.409448818897" endx="48.228346456692" endy="-24.409448818897" width="1.9685039370079" />
    <line layer="TOP_PLACE_BOUND" originx="48.228346456692" originy="-24.409448818897" endx="-48.228346456692" endy="-24.409448818897" width="1.9685039370079" />
    <line layer="TOP_PLACE_BOUND" originx="-48.228346456692" originy="-24.409448818897" endx="-48.228346456692" endy="24.409448818897" width="1.9685039370079" />
    <line layer="TOP_ASSEMBLY" originx="-31.496062992126" originy="15.748031496063" endx="31.496062992126" endy="15.748031496063" width="3.9370078740157" />
    <line layer="TOP_ASSEMBLY" originx="31.496062992126" originy="15.748031496063" endx="31.496062992126" endy="-15.748031496063" width="3.9370078740157" />
    <line layer="TOP_ASSEMBLY" originx="31.496062992126" originy="-15.748031496063" endx="-31.496062992126" endy="-15.748031496063" width="3.9370078740157" />
    <line layer="TOP_ASSEMBLY" originx="-31.496062992126" originy="-15.748031496063" endx="-31.496062992126" endy="15.748031496063" width="3.9370078740157" />
  </footprint>
  <symbol name="CL10A475KQ8NNNC" originx="0" originy="0">
    <line originx="220" originy="100" endx="220" endy="-100" width="0" />
    <line originx="280" originy="100" endx="280" endy="-100" width="0" />
    <line originx="200" originy="0" endx="220" endy="0" width="0" />
    <line originx="280" originy="0" endx="300" endy="0" width="0" />
    <sympin number="1" originx="200" originy="0" rotation="180" length="100" width="7.8740157480315" flipped="False">
      <text name="pinname" originx="0" originy="-10" style="Default" rotation="0" justify="upperleft" flipped="False" hidden="True" data="1" />
      <text name="pindes" originx="0" originy="10" style="Default" rotation="0" justify="lowerleft" flipped="False" hidden="False" data="1" />
    </sympin>
    <sympin number="2" originx="300" originy="0" rotation="0" length="100" width="7.8740157480315" flipped="False">
      <text name="pinname" originx="500" originy="-10" style="Default" rotation="0" justify="upperright" flipped="False" hidden="True" data="2" />
      <text name="pindes" originx="500" originy="10" style="Default" rotation="0" justify="lowerright" flipped="False" hidden="False" data="2" />
    </sympin>
  </symbol>
  <component name="CL10A475KQ8NNNC" designatorprefix="C" height="35.433070866141" footprint="CAPC1608X90N">
    <comppin designator="1" sympin="1" pinswap="0" gateswap="0" gate="1" group="1" side="" type="Any" name="1" />
    <comppin designator="2" sympin="2" pinswap="0" gateswap="0" gate="1" group="1" side="" type="Any" name="2" />
    <attached_symbol gate="1" name="CL10A475KQ8NNNC" />
    <pinmap designator="1" footprintpin="1" />
    <pinmap designator="2" footprintpin="2" />
    <text name="Datasheet" originx="0" originy="0" style="Default" rotation="0" justify="" flipped="False" hidden="True" data="https://lcsc.componentsearchengine.com/Datasheets/2/CL10A475KQ8NNNC.pdf" />
    <text name="Description" originx="0" originy="0" style="Default" rotation="0" justify="" flipped="False" hidden="True" data="Samsung Electro-Mechanics 0603 CL 4.7uF Ceramic Multilayer Capacitor, 6.3 V, +85C, X5R Dielectric, +/-10% SMD" />
    <text name="Manufacturer_Name" originx="0" originy="0" style="Default" rotation="0" justify="" flipped="False" hidden="True" data="SAMSUNG" />
    <text name="Manufacturer_Part_Number" originx="350" originy="150" style="Default" rotation="0" justify="left" flipped="False" hidden="False" data="CL10A475KQ8NNNC" />
    <text name="Mouser Part Number" originx="0" originy="0" style="Default" rotation="0" justify="" flipped="False" hidden="True" data="187-CL10A475KQ8NNNC" />
    <text name="Mouser Price/Stock" originx="0" originy="0" style="Default" rotation="0" justify="" flipped="False" hidden="True" data="https://www.mouser.co.uk/ProductDetail/Samsung-Electro-Mechanics/CL10A475KQ8NNNC?qs=349EhDEZ59oYfMfehxxCwQ%3D%3D" />
    <text name="Arrow Part Number" originx="0" originy="0" style="Default" rotation="0" justify="" flipped="False" hidden="True" data="CL10A475KQ8NNNC" />
    <text name="Arrow Price/Stock" originx="0" originy="0" style="Default" rotation="0" justify="" flipped="False" hidden="True" data="https://www.arrow.com/en/products/cl10a475kq8nnnc/samsung-electro-mechanics?region=europe" />
  </component>
</quadcept_library>
