<?xml version="1.0" encoding="utf-8"?>
<!--/357776/125022/2.50/4/4/Connector/-->
<quadcept_library>
  <setting unit="mil" />
  <textstyle name="Default" height="47.244094488189" strokewidth="7.8740157480315" charwidth="47.244094488189" />
  <textstyle name="Dimension" height="19.6850393700787" strokewidth="0" charwidth="19.6850393700787" />
  <textstyle name="H127W0635TH00762" height="50" strokewidth="3" charwidth="25" />
  <textstyle name="H15W15TH02" height="59.0551181102362" strokewidth="7.8740157480315" charwidth="59.0551181102362" />
  <padstyle name="r220_105" surface="True" plated="False" isvia="False" nopaste="False" nomask="True" complex="False" holesize="0">
    <padshape layer="TOP" shape="rectangle" width="41.338582677165" height="86.614173228345" />
    <padshape layer="TOP_SOLDER_MASK" shape="rectangle" width="49.212598425196" height="94.488188976377" />
    <padshape layer="TOP_SOLDER_PASTE" shape="rectangle" width="41.338582677165" height="86.614173228345" />
  </padstyle>
  <padstyle name="s100" surface="True" plated="False" isvia="False" nopaste="False" nomask="True" complex="False" holesize="0">
    <padshape layer="TOP" shape="square" width="39.370078740157" height="39.370078740157" />
    <padshape layer="TOP_SOLDER_MASK" shape="square" width="47.244094488188" height="47.244094488188" />
    <padshape layer="TOP_SOLDER_PASTE" shape="square" width="39.370078740157" height="39.370078740157" />
  </padstyle>
  <footprint name="73412-0110" originx="0" originy="0" pickpointx="0" pickpointy="0">
    <pcbpin number="1" name="1" style="s100" originx="0" originy="-59.055118110235" rotation="90" />
    <pcbpin number="2" name="2" style="s100" originx="0" originy="59.055118110235" rotation="90" />
    <pcbpin number="3" name="3" style="r220_105" originx="-58.070866141732" originy="0" rotation="0" />
    <pcbpin number="4" name="4" style="r220_105" originx="58.070866141732" originy="0" rotation="0" />
    <line layer="TOP_ASSEMBLY" originx="-51.181102362204" originy="51.181102362204" endx="51.181102362204" endy="51.181102362204" width="7.8740157480314" />
    <line layer="TOP_ASSEMBLY" originx="51.181102362204" originy="51.181102362204" endx="51.181102362204" endy="-51.181102362204" width="7.8740157480314" />
    <line layer="TOP_ASSEMBLY" originx="51.181102362204" originy="-51.181102362204" endx="-51.181102362204" endy="-51.181102362204" width="7.8740157480314" />
    <line layer="TOP_ASSEMBLY" originx="-51.181102362204" originy="-51.181102362204" endx="-51.181102362204" endy="51.181102362204" width="7.8740157480314" />
    <arc layer="TOP_SILKSCREEN" originx="-1.1811023622047" originy="-92.047244094487" startangle="180" sweepangle="180" radius="0.66929133858267" width="7.8740157480314" />
    <arc layer="TOP_SILKSCREEN" originx="-1.1811023622047" originy="-92.047244094487" startangle="180" sweepangle="-180" radius="0.66929133858267" width="7.8740157480314" />
  </footprint>
  <symbol name="73412-0114" originx="0" originy="0">
    <line originx="200" originy="500" endx="1000" endy="500" width="0" />
    <line originx="1000" originy="-500" endx="1000" endy="500" width="0" />
    <line originx="1000" originy="-500" endx="200" endy="-500" width="0" />
    <line originx="200" originy="500" endx="200" endy="-500" width="0" />
    <sympin number="1" originx="600" originy="-500" rotation="270" length="100" width="7.8740157480315" flipped="False">
      <text name="pinname" originx="600" originy="-470" style="Default" rotation="0" justify="left" flipped="False" hidden="False" data="SIGNAL" />
      <text name="pindes" originx="580" originy="-560" style="Default" rotation="0" justify="lowerright" flipped="False" hidden="False" data="1" />
    </sympin>
    <sympin number="2" originx="600" originy="500" rotation="90" length="100" width="7.8740157480315" flipped="False">
      <text name="pinname" originx="600" originy="470" style="Default" rotation="0" justify="right" flipped="False" hidden="False" data="GND_1" />
      <text name="pindes" originx="580" originy="560" style="Default" rotation="0" justify="lowerleft" flipped="False" hidden="False" data="2" />
    </sympin>
    <sympin number="3" originx="200" originy="0" rotation="180" length="100" width="7.8740157480315" flipped="False">
      <text name="pinname" originx="230" originy="0" style="Default" rotation="0" justify="left" flipped="False" hidden="False" data="GND_2" />
      <text name="pindes" originx="140" originy="20" style="Default" rotation="0" justify="lowerright" flipped="False" hidden="False" data="3" />
    </sympin>
    <sympin number="4" originx="1000" originy="0" rotation="0" length="100" width="7.8740157480315" flipped="False">
      <text name="pinname" originx="970" originy="0" style="Default" rotation="0" justify="right" flipped="False" hidden="False" data="GND_3" />
      <text name="pindes" originx="1060" originy="20" style="Default" rotation="0" justify="lowerleft" flipped="False" hidden="False" data="4" />
    </sympin>
  </symbol>
  <component name="73412-0114" designatorprefix="J" height="0" footprint="73412-0110">
    <comppin designator="1" sympin="1" pinswap="0" gateswap="0" gate="1" group="1" side="" type="Any" name="SIGNAL" />
    <comppin designator="2" sympin="2" pinswap="0" gateswap="0" gate="1" group="1" side="" type="Any" name="GND_1" />
    <comppin designator="3" sympin="3" pinswap="0" gateswap="0" gate="1" group="1" side="" type="Any" name="GND_2" />
    <comppin designator="4" sympin="4" pinswap="0" gateswap="0" gate="1" group="1" side="" type="Any" name="GND_3" />
    <attached_symbol gate="1" name="73412-0114" />
    <pinmap designator="1" footprintpin="1" />
    <pinmap designator="2" footprintpin="2" />
    <pinmap designator="3" footprintpin="3" />
    <pinmap designator="4" footprintpin="4" />
    <text name="Datasheet" originx="0" originy="0" style="Default" rotation="0" justify="" flipped="False" hidden="True" data="http://www.molex.com/webdocs/datasheets/pdf/en-us//0734120114_RF_COAX_CONNECTORS.pdf" />
    <text name="Description" originx="0" originy="0" style="Default" rotation="0" justify="" flipped="False" hidden="True" data="Micro Coaxial Receptacle,Vertical Molex Female Surface Mount Coaxial Socket, Solder Termination" />
    <text name="Manufacturer_Name" originx="0" originy="0" style="Default" rotation="0" justify="" flipped="False" hidden="True" data="Molex" />
    <text name="Manufacturer_Part_Number" originx="1050" originy="600" style="Default" rotation="0" justify="left" flipped="False" hidden="False" data="73412-0114" />
    <text name="Mouser Part Number" originx="0" originy="0" style="Default" rotation="0" justify="" flipped="False" hidden="True" data="538-73412-0114" />
    <text name="Mouser Price/Stock" originx="0" originy="0" style="Default" rotation="0" justify="" flipped="False" hidden="True" data="https://www.mouser.co.uk/ProductDetail/Molex/73412-0114?qs=TpUtqFO9vU%252Ba9r2SfxH4iw%3D%3D" />
    <text name="Arrow Part Number" originx="0" originy="0" style="Default" rotation="0" justify="" flipped="False" hidden="True" data="" />
    <text name="Arrow Price/Stock" originx="0" originy="0" style="Default" rotation="0" justify="" flipped="False" hidden="True" data="" />
  </component>
</quadcept_library>
