<?xml version="1.0" encoding="utf-8"?>
<!--/19234740/125022/2.50/2/0/Integrated Circuit/-->
<quadcept_library>
  <setting unit="mil" />
  <textstyle name="Default" height="47.244094488189" strokewidth="7.8740157480315" charwidth="47.244094488189" />
  <textstyle name="Dimension" height="19.6850393700787" strokewidth="0" charwidth="19.6850393700787" />
  <textstyle name="H127W0635TH00762" height="50" strokewidth="3" charwidth="25" />
  <textstyle name="H15W15TH02" height="59.0551181102362" strokewidth="7.8740157480315" charwidth="59.0551181102362" />
  <padstyle name="r634_414" surface="True" plated="False" isvia="False" nopaste="False" nomask="True" complex="False" holesize="0">
    <padshape layer="TOP" shape="rectangle" width="162.99212598425" height="249.6062992126" />
    <padshape layer="TOP_SOLDER_MASK" shape="rectangle" width="170.86614173228" height="257.48031496063" />
    <padshape layer="TOP_SOLDER_PASTE" shape="rectangle" width="162.99212598425" height="249.6062992126" />
  </padstyle>
  <footprint name="SODFL520290X120N" originx="0" originy="0" pickpointx="0" pickpointy="0">
    <pcbpin number="1" name="1" style="r634_414" originx="-909.44881889763" originy="0" rotation="90" />
    <pcbpin number="2" name="2" style="r634_414" originx="909.44881889763" originy="0" rotation="90" />
    <line layer="TOP_PLACE_BOUND" originx="-1040.1574803149" originy="576.7716535433" endx="1040.1574803149" endy="576.7716535433" width="1.9685039370079" />
    <line layer="TOP_PLACE_BOUND" originx="1040.1574803149" originy="576.7716535433" endx="1040.1574803149" endy="-576.7716535433" width="1.9685039370079" />
    <line layer="TOP_PLACE_BOUND" originx="1040.1574803149" originy="-576.7716535433" endx="-1040.1574803149" endy="-576.7716535433" width="1.9685039370079" />
    <line layer="TOP_PLACE_BOUND" originx="-1040.1574803149" originy="-576.7716535433" endx="-1040.1574803149" endy="576.7716535433" width="1.9685039370079" />
    <line layer="TOP_ASSEMBLY" originx="-885.82677165353" originy="570.86614173228" endx="885.82677165353" endy="570.86614173228" width="3.9370078740157" />
    <line layer="TOP_ASSEMBLY" originx="885.82677165353" originy="570.86614173228" endx="885.82677165353" endy="-570.86614173228" width="3.9370078740157" />
    <line layer="TOP_ASSEMBLY" originx="885.82677165353" originy="-570.86614173228" endx="-885.82677165353" endy="-570.86614173228" width="3.9370078740157" />
    <line layer="TOP_ASSEMBLY" originx="-885.82677165353" originy="-570.86614173228" endx="-885.82677165353" endy="570.86614173228" width="3.9370078740157" />
    <line layer="TOP_ASSEMBLY" originx="-885.82677165353" originy="446.06299212598" endx="-761.02362204723" endy="570.86614173228" width="3.9370078740157" />
    <line layer="TOP_SILKSCREEN" originx="-1034.2519685039" originy="570.86614173228" endx="885.82677165353" endy="570.86614173228" width="7.8740157480314" />
    <line layer="TOP_SILKSCREEN" originx="-885.82677165353" originy="-570.86614173228" endx="885.82677165353" endy="-570.86614173228" width="7.8740157480314" />
  </footprint>
  <symbol name="SM141K08TFV" originx="0" originy="0">
    <line originx="200" originy="100" endx="700" endy="100" width="0" />
    <line originx="700" originy="-200" endx="700" endy="100" width="0" />
    <line originx="700" originy="-200" endx="200" endy="-200" width="0" />
    <line originx="200" originy="100" endx="200" endy="-200" width="0" />
    <sympin number="1" originx="200" originy="0" rotation="180" length="100" width="7.8740157480315" flipped="False">
      <text name="pinname" originx="230" originy="0" style="Default" rotation="0" justify="left" flipped="False" hidden="False" data="POS" />
      <text name="pindes" originx="140" originy="20" style="Default" rotation="0" justify="lowerright" flipped="False" hidden="False" data="1" />
    </sympin>
    <sympin number="2" originx="200" originy="-100" rotation="180" length="100" width="7.8740157480315" flipped="False">
      <text name="pinname" originx="230" originy="-100" style="Default" rotation="0" justify="left" flipped="False" hidden="False" data="NEG" />
      <text name="pindes" originx="140" originy="-80" style="Default" rotation="0" justify="lowerright" flipped="False" hidden="False" data="2" />
    </sympin>
  </symbol>
  <component name="SM141K08TFV" designatorprefix="IC" height="47.244094488188" footprint="SODFL520290X120N">
    <comppin designator="1" sympin="1" pinswap="0" gateswap="0" gate="1" group="1" side="" type="Power" name="POS" />
    <comppin designator="2" sympin="2" pinswap="0" gateswap="0" gate="1" group="1" side="" type="Ground" name="NEG" />
    <attached_symbol gate="1" name="SM141K08TFV" />
    <pinmap designator="1" footprintpin="1" />
    <pinmap designator="2" footprintpin="2" />
    <text name="Datasheet" originx="0" originy="0" style="Default" rotation="0" justify="" flipped="False" hidden="True" data="https://waf-e.dubudisk.com/anysolar.dubuplus.com/techsupport@anysolar.biz/O18BEt3/DubuDisk/www/Gen3/SM141K08TFV DATA SHEET 202105.pdf" />
    <text name="Description" originx="0" originy="0" style="Default" rotation="0" justify="" flipped="False" hidden="True" data="SOLAR CELL G3 THIN 5.53V 246MW" />
    <text name="Manufacturer_Name" originx="0" originy="0" style="Default" rotation="0" justify="" flipped="False" hidden="True" data="ANYSOLAR" />
    <text name="Manufacturer_Part_Number" originx="750" originy="200" style="Default" rotation="0" justify="left" flipped="False" hidden="False" data="SM141K08TFV" />
    <text name="Mouser Part Number" originx="0" originy="0" style="Default" rotation="0" justify="" flipped="False" hidden="True" data="" />
    <text name="Mouser Price/Stock" originx="0" originy="0" style="Default" rotation="0" justify="" flipped="False" hidden="True" data="" />
    <text name="Arrow Part Number" originx="0" originy="0" style="Default" rotation="0" justify="" flipped="False" hidden="True" data="" />
    <text name="Arrow Price/Stock" originx="0" originy="0" style="Default" rotation="0" justify="" flipped="False" hidden="True" data="" />
  </component>
</quadcept_library>
