﻿pos_x,pos_y,rotation,side,designator,mpn,pack,value,mount_type,place
175.4575,-108.12,180.0,bottom,C1,,CAPC2012X135N,CL21A476MQYNNNE,smt,True
136.485,-87.48,0.0,bottom,C10,,C_0603_1608Metric,10nF,smt,True
164.12,-125.16,-90.0,bottom,C11,,C_0603_1608Metric,10nF,smt,True
160.925,-81.9175,180.0,bottom,C12,,C_0603_1608Metric,10nF,smt,True
132.8,-95.4926,180.0,bottom,C13,,C_0603_1608Metric,10nF,smt,True
126.473,-116.059999,0.0,bottom,C14,,CAPC2012X135N,CL21A476MQYNNNE,smt,True
126.563,-114.589999,0.0,bottom,C15,,CAPC1005X55N,CL05A105KQ5NNNC,smt,True
126.853,-112.679999,-90.0,bottom,C16,,CAPC1608X90N,CL10A475KQ8NNNC,smt,True
128.353,-118.659999,180.0,bottom,C17,,CAPC1608X90N,CGA3E2X7R1H223K080AA,smt,True
132.273,-118.509999,0.0,bottom,C18,,CAPC1608X90N,CGA3E2X7R1H223K080AA,smt,True
134.183,-114.659999,-90.0,bottom,C19,,CAPC1608X90N,CL10A475KQ8NNNC,smt,True
175.4875,-109.47,180.0,bottom,C3,,CAPC1005X55N,CL05A105KQ5NNNC,smt,True
168.7275,-111.74,-90.0,bottom,C4,,CAPC1608X90N,CL10A475KQ8NNNC,smt,True
173.1975,-105.7,0.0,bottom,C5,,CAPC1608X90N,CGA3E2X7R1H223K080AA,smt,True
157.54,-101.21,0.0,bottom,C6,,C_0805_2012Metric,10uF,smt,True
168.3075,-108.49,90.0,bottom,C7,,CAPC1608X90N,CGA3E2X7R1H223K080AA,smt,True
157.6175,-102.71,0.0,bottom,C8,,C_0402_1005Metric,0.1uF,smt,True
167.33,-104.71,0.0,bottom,C9,,CAPC1608X90N,CL10A475KQ8NNNC,smt,True
155.44,-72.1275,90.0,top,D1,,D_SMB,B220,smt,True
150.27,-68.34,90.0,top,D2,,SOT95P237X125-3N,BAV99-TP,smt,True
114.48,-102.66,-90.0,top,D3,,SOT95P237X125-3N,BAV99-TP,smt,True
152.1525,-93.44,0.0,bottom,D4,,D_SMB,B220,smt,True
152.15,-97.94,0.0,bottom,D5,,D_SMB,B220,smt,True
113.92,-108.94,90.0,top,D6,,D_SMB,B220,smt,True
139.2705,-115.149999,180.0,bottom,D7,,D_SMB,B220,smt,True
161.47,-110.02,0.0,bottom,D8,,D_SMB,B220,smt,True
151.81,-135.875,180.0,bottom,J1,,F3311A7H121014E200,F3311A7H121014E200,smt,True
151.15,-110.63,0.0,top,J2,,F3311A7H121014E200,F3311A7H121014E200,smt,True
147.78,-72.26,180.0,top,JP1,,SMT-JUMPER_3_NO_NO-SILK,~,tht,True
143.12,-70.2,90.0,top,JP2,,SMT-JUMPER_3_NO_NO-SILK,~,tht,True
139.63,-104.84,90.0,bottom,JP3,,SMT-JUMPER_3_NO_NO-SILK,~,tht,True
139.68,-107.81,-90.0,bottom,JP4,,SMT-JUMPER_3_NO_NO-SILK,~,tht,True
142.17,-105.31,0.0,bottom,L1,,L_0603_1608Metric,TBD,smt,True
142.28,-108.21,0.0,bottom,L2,,L_0603_1608Metric,TBD,smt,True
171.1475,-102.82,0.0,bottom,L3,,LQM2HPN1R0MG0L,LQM2HPN4R7MG0L,smt,True
130.303,-121.349999,180.0,bottom,L4,,LQM2HPN1R0MG0L,LQM2HPN4R7MG0L,smt,True
131.885,-84.05625,180.0,bottom,Q1,,SOT-23,BSS138,smt,True
171.485,-82.1375,180.0,bottom,Q10,,SOT-363_SC-70-6,MBT2222ADW1T1,smt,True
132.44,-98.0226,180.0,bottom,Q11,,SOT-23,BSS138,smt,True
142.04,-96.3026,180.0,bottom,Q12,,SOT-363_SC-70-6,MBT2222ADW1T1,smt,True
161.63,-125.93,-90.0,bottom,Q2,,SOT-23,BSS138,smt,True
136.035,-84.93625,0.0,bottom,Q3,,SOT-23,BSS138,smt,True
140.335,-84.07625,180.0,bottom,Q4,,SOT-363_SC-70-6,MBT2222ADW1T1,smt,True
161.64,-121.14,90.0,bottom,Q5,,SOT-23,BSS138,smt,True
159.68,-116.49,-90.0,bottom,Q6,,SOT-363_SC-70-6,MBT2222ADW1T1,smt,True
164.7525,-81.9975,0.0,bottom,Q7,,SOT-23,BSS138,smt,True
136.95,-95.2726,0.0,bottom,Q8,,SOT-23,BSS138,smt,True
160.785,-84.4575,180.0,bottom,Q9,,SOT-23,BSS138,smt,True
149.54,-105.21,90.0,bottom,R1,,R_0402_1005Metric,0,smt,True
162.17,-106.45,-90.0,bottom,R10,,R_0402_1005Metric,0,smt,True
162.17,-104.42,-90.0,bottom,R11,,R_0402_1005Metric,0,smt,True
152.14,-102.38,180.0,bottom,R12,,R_0603_1608Metric,0,smt,True
166.36,-111.42,90.0,bottom,R13,,RESC3116X65N,RV1206JR-0722ML,smt,True
170.5475,-114.94,90.0,bottom,R14,,RESC3116X65N,RC1206FR-072ML,smt,True
135.685,-82.43625,0.0,bottom,R15,,R_0603_1608Metric,10K,smt,True
143.325,-83.97625,90.0,bottom,R16,,R_0603_1608Metric,600,smt,True
144.895,-83.93625,-90.0,bottom,R17,,R_0603_1608Metric,10K,smt,True
159.16,-125.6,-90.0,bottom,R18,,R_0603_1608Metric,10K,smt,True
138.075,-82.15625,90.0,bottom,R19,,R_0402_1005Metric,10K,smt,True
148.53,-105.21,90.0,bottom,R2,,R_0402_1005Metric,0,smt,True
139.155,-87.21625,90.0,bottom,R20,,R_0603_1608Metric,100K,smt,True
157.53,-116.4,90.0,bottom,R21,,R_0603_1608Metric,600,smt,True
141.415,-86.39625,180.0,bottom,R22,,R_0603_1608Metric,0,smt,True
171.635,-84.3975,180.0,bottom,R23,,R_0603_1608Metric,0,smt,True
162.27,-128.7,0.0,bottom,R24,,R_0603_1608Metric,10K,smt,True
161.68,-117.95,-90.0,bottom,R25,,R_0402_1005Metric,10K,smt,True
159.08,-119.64,90.0,bottom,R26,,R_0603_1608Metric,100K,smt,True
161.84,-115.47,-90.0,bottom,R27,,R_0603_1608Metric,0,smt,True
142.16,-98.5526,180.0,bottom,R28,,R_0603_1608Metric,0,smt,True
164.395,-84.4575,0.0,bottom,R29,,R_0603_1608Metric,10K,smt,True
147.5,-105.22,90.0,bottom,R3,,R_0402_1005Metric,0,smt,True
170.005,-79.9275,180.0,bottom,R30,,R_0603_1608Metric,600,smt,True
168.365,-81.6075,0.0,bottom,R31,,R_0603_1608Metric,10K,smt,True
136.97,-97.9226,0.0,bottom,R32,,R_0603_1608Metric,10K,smt,True
168.785,-82.8575,180.0,bottom,R33,,R_0402_1005Metric,10K,smt,True
168.645,-84.4175,0.0,bottom,R34,,R_0603_1608Metric,100K,smt,True
136.98,-92.8126,180.0,bottom,R35,,R_0603_1608Metric,600,smt,True
139.63,-93.9526,-90.0,bottom,R36,,R_0603_1608Metric,10K,smt,True
139.69,-98.6626,180.0,bottom,R37,,R_0402_1005Metric,10K,smt,True
140.5,-100.1826,0.0,bottom,R38,,R_0603_1608Metric,100K,smt,True
126.72,-107.17,180.0,bottom,R39,,RESC5025X70N,CHV2010-FX-1005ELF,smt,True
146.4,-105.16,90.0,bottom,R4,,R_0402_1005Metric,0,smt,True
127.72,-110.0,0.0,bottom,R40,,RESC3116X65N,RC1206FR-072M49L,smt,True
134.383,-109.739999,-90.0,bottom,R41,,RESC3116X65N,RV1206JR-0722ML,smt,True
132.033,-109.739999,90.0,bottom,R42,,RESC3116X65N,RC1206FR-072ML,smt,True
145.43,-105.17,90.0,bottom,R5,,R_0402_1005Metric,0,smt,True
160.24,-103.68,-90.0,bottom,R6,,R_0402_1005Metric,0,smt,True
160.3,-105.94,-90.0,bottom,R7,,R_0402_1005Metric,0,smt,True
176.1075,-113.57,0.0,bottom,R8,,RESC5025X70N,CHV2010-FX-1005ELF,smt,True
176.25,-116.37,180.0,bottom,R9,,RESC3116X65N,RC1206FR-072ML,smt,True
163.45,-83.01,90.0,top,S1,,solar_panel_SM500K12TF_32x24,sol_pan_32x24,smt,True
141.49,-50.99,-90.0,top,S2,,solar_panel_SM500K12TF_32x24,sol_pan_32x24,smt,True
124.05,-92.740001,0.0,top,S3,,sol_pan_SM141K10TFS_70x23,sol_pan_70x23,smt,True
180.92,-121.55,180.0,top,S4,,sol_pan_SM141K10TFS_70x23,sol_pan_70x23,smt,True
171.4375,-109.48,180.0,bottom,U1,,UDC_20_ADI,LTC3130EUDC-1-PBF,smt,True
155.0,-105.32,0.0,bottom,U2,,IC_XTR111AIDGQR,DRV8830DGQ,smt,True
146.06,-70.28,0.0,top,U3,,DTS0008A-MFG,OPT4001DTST,smt,True
130.243,-114.709999,0.0,bottom,U4,,UDC_20_ADI,LTC3130EUDC-1-PBF,smt,True
