﻿designator,quantity,value,pack,mpn,mount_type
"C1, C14",2,CL21A476MQYNNNE,CAPC2012X135N,,smt
"C10, C11, C12, C13",4,10nF,C_0603_1608Metric,,smt
"C15, C3",2,CL05A105KQ5NNNC,CAPC1005X55N,,smt
"C16, C19, C4, C9",4,CL10A475KQ8NNNC,CAPC1608X90N,,smt
"C17, C18, C5, C7",4,CGA3E2X7R1H223K080AA,CAPC1608X90N,,smt
C6,1,10uF,C_0805_2012Metric,,smt
C8,1,0.1uF,C_0402_1005Metric,,smt
"D1, D4, D5, D6, D7, D8",6,B220,D_SMB,,smt
"D2, D3",2,BAV99-TP,SOT95P237X125-3N,,smt
"J1, J2",2,F3311A7H121014E200,F3311A7H121014E200,,smt
"JP1, JP2, JP3, JP4",4,~,SMT-JUMPER_3_NO_NO-SILK,,tht
"L1, L2",2,TBD,L_0603_1608Metric,,smt
"L3, L4",2,LQM2HPN4R7MG0L,LQM2HPN1R0MG0L,,smt
"Q1, Q11, Q2, Q3, Q5, Q7, Q8, Q9",8,BSS138,SOT-23,,smt
"Q10, Q12, Q4, Q6",4,MBT2222ADW1T1,SOT-363_SC-70-6,,smt
"R1, R10, R11, R2, R3, R4, R5, R6, R7",9,0,R_0402_1005Metric,,smt
"R12, R22, R23, R27, R28",5,0,R_0603_1608Metric,,smt
"R13, R41",2,RV1206JR-0722ML,RESC3116X65N,,smt
"R14, R42, R9",3,RC1206FR-072ML,RESC3116X65N,,smt
"R15, R17, R18, R24, R29, R31, R32, R36",8,10K,R_0603_1608Metric,,smt
"R16, R21, R30, R35",4,600,R_0603_1608Metric,,smt
"R19, R25, R33, R37",4,10K,R_0402_1005Metric,,smt
"R20, R26, R34, R38",4,100K,R_0603_1608Metric,,smt
"R39, R8",2,CHV2010-FX-1005ELF,RESC5025X70N,,smt
R40,1,RC1206FR-072M49L,RESC3116X65N,,smt
"S1, S2",2,sol_pan_32x24,solar_panel_SM500K12TF_32x24,,smt
"S3, S4",2,sol_pan_70x23,sol_pan_SM141K10TFS_70x23,,smt
"U1, U4",2,LTC3130EUDC-1-PBF,UDC_20_ADI,,smt
U2,1,DRV8830DGQ,IC_XTR111AIDGQR,,smt
U3,1,OPT4001DTST,DTS0008A-MFG,,smt
