<?xml version="1.0" encoding="utf-8"?>
<!--/1084049/125022/2.50/4/4/Filter/-->
<quadcept_library>
  <setting unit="mil" />
  <textstyle name="Default" height="47.244094488189" strokewidth="7.8740157480315" charwidth="47.244094488189" />
  <textstyle name="Dimension" height="19.6850393700787" strokewidth="0" charwidth="19.6850393700787" />
  <textstyle name="H127W0635TH00762" height="50" strokewidth="3" charwidth="25" />
  <textstyle name="H15W15TH02" height="59.0551181102362" strokewidth="7.8740157480315" charwidth="59.0551181102362" />
  <padstyle name="r90_40" surface="True" plated="False" isvia="False" nopaste="False" nomask="True" complex="False" holesize="0">
    <padshape layer="TOP" shape="rectangle" width="15.748031496063" height="35.433070866141" />
    <padshape layer="TOP_SOLDER_MASK" shape="rectangle" width="23.622047244094" height="43.307086614173" />
    <padshape layer="TOP_SOLDER_PASTE" shape="rectangle" width="15.748031496063" height="35.433070866141" />
  </padstyle>
  <footprint name="DXW21HN5011BL" originx="0" originy="0" pickpointx="0" pickpointy="0">
    <pcbpin number="1" name="1" style="r90_40" originx="-33.464566929133" originy="-15.748031496063" rotation="90" />
    <pcbpin number="2" name="2" style="r90_40" originx="33.464566929133" originy="-15.748031496063" rotation="90" />
    <pcbpin number="3" name="3" style="r90_40" originx="33.464566929133" originy="15.748031496063" rotation="90" />
    <pcbpin number="4" name="4" style="r90_40" originx="-33.464566929133" originy="15.748031496063" rotation="90" />
    <line layer="TOP_ASSEMBLY" originx="-39.370078740157" originy="23.622047244094" endx="39.370078740157" endy="23.622047244094" width="7.8740157480314" />
    <line layer="TOP_ASSEMBLY" originx="39.370078740157" originy="23.622047244094" endx="39.370078740157" endy="-23.622047244094" width="7.8740157480314" />
    <line layer="TOP_ASSEMBLY" originx="39.370078740157" originy="-23.622047244094" endx="-39.370078740157" endy="-23.622047244094" width="7.8740157480314" />
    <line layer="TOP_ASSEMBLY" originx="-39.370078740157" originy="-23.622047244094" endx="-39.370078740157" endy="23.622047244094" width="7.8740157480314" />
    <line layer="TOP_PLACE_BOUND" originx="-86.614173228345" originy="59.055118110235" endx="86.614173228345" endy="59.055118110235" width="3.9370078740157" />
    <line layer="TOP_PLACE_BOUND" originx="86.614173228345" originy="59.055118110235" endx="86.614173228345" endy="-59.055118110235" width="3.9370078740157" />
    <line layer="TOP_PLACE_BOUND" originx="86.614173228345" originy="-59.055118110235" endx="-86.614173228345" endy="-59.055118110235" width="3.9370078740157" />
    <line layer="TOP_PLACE_BOUND" originx="-86.614173228345" originy="-59.055118110235" endx="-86.614173228345" endy="59.055118110235" width="3.9370078740157" />
    <line layer="TOP_SILKSCREEN" originx="-7.8740157480314" originy="23.622047244094" endx="7.8740157480314" endy="23.622047244094" width="3.9370078740157" />
    <line layer="TOP_SILKSCREEN" originx="-7.8740157480314" originy="-23.622047244094" endx="7.8740157480314" endy="-23.622047244094" width="3.9370078740157" />
    <line layer="TOP_SILKSCREEN" originx="-61.377952755905" originy="-14.488188976378" endx="-61.377952755905" endy="-14.488188976378" width="0.43307086614173" />
    <arc layer="TOP_SILKSCREEN" originx="-61.141732283464" originy="-14.488188976378" startangle="180.0" sweepangle="180.0" radius="0.23622047244094" width="0.43307086614173" />
    <line layer="TOP_SILKSCREEN" originx="-60.944881889763" originy="-14.488188976378" endx="-60.944881889763" endy="-14.488188976378" width="0.43307086614173" />
    <arc layer="TOP_SILKSCREEN" originx="-61.141732283464" originy="-14.488188976378" startangle=".0" sweepangle="180.0" radius="0.23622047244094" width="0.43307086614173" />
    <line layer="TOP_SILKSCREEN" originx="-35.433070866141" originy="-39.370078740157" endx="-35.433070866141" endy="-39.370078740157" width="3.9370078740157" />
    <arc layer="TOP_SILKSCREEN" originx="-33.464566929133" originy="-39.370078740157" startangle="180.0" sweepangle="180.0" radius="1.9685039370079" width="3.9370078740157" />
    <line layer="TOP_SILKSCREEN" originx="-31.496062992126" originy="-39.370078740157" endx="-31.496062992126" endy="-39.370078740157" width="3.9370078740157" />
    <arc layer="TOP_SILKSCREEN" originx="-33.464566929133" originy="-39.370078740157" startangle=".0" sweepangle="180.0" radius="1.9685039370079" width="3.9370078740157" />
  </footprint>
  <symbol name="DXW21HN5011BL" originx="0" originy="0">
    <line originx="200" originy="100" endx="600" endy="100" width="0" />
    <line originx="600" originy="-200" endx="600" endy="100" width="0" />
    <line originx="600" originy="-200" endx="200" endy="-200" width="0" />
    <line originx="200" originy="100" endx="200" endy="-200" width="0" />
    <sympin number="1" originx="200" originy="-100" rotation="180" length="100" width="7.8740157480315" flipped="False">
      <text name="pinname" originx="230" originy="-100" style="Default" rotation="0" justify="left" flipped="False" hidden="False" data="1" />
      <text name="pindes" originx="140" originy="-80" style="Default" rotation="0" justify="lowerright" flipped="False" hidden="False" data="1" />
    </sympin>
    <sympin number="2" originx="600" originy="-100" rotation="0" length="100" width="7.8740157480315" flipped="False">
      <text name="pinname" originx="570" originy="-100" style="Default" rotation="0" justify="right" flipped="False" hidden="False" data="2" />
      <text name="pindes" originx="660" originy="-80" style="Default" rotation="0" justify="lowerleft" flipped="False" hidden="False" data="2" />
    </sympin>
    <sympin number="3" originx="600" originy="0" rotation="0" length="100" width="7.8740157480315" flipped="False">
      <text name="pinname" originx="570" originy="0" style="Default" rotation="0" justify="right" flipped="False" hidden="False" data="3" />
      <text name="pindes" originx="660" originy="20" style="Default" rotation="0" justify="lowerleft" flipped="False" hidden="False" data="3" />
    </sympin>
    <sympin number="4" originx="200" originy="0" rotation="180" length="100" width="7.8740157480315" flipped="False">
      <text name="pinname" originx="230" originy="0" style="Default" rotation="0" justify="left" flipped="False" hidden="False" data="4" />
      <text name="pindes" originx="140" originy="20" style="Default" rotation="0" justify="lowerright" flipped="False" hidden="False" data="4" />
    </sympin>
  </symbol>
  <component name="DXW21HN5011BL" designatorprefix="FL" height="39.370078740157" footprint="DXW21HN5011BL">
    <comppin designator="1" sympin="1" pinswap="0" gateswap="0" gate="1" group="1" side="" type="Any" name="1" />
    <comppin designator="2" sympin="2" pinswap="0" gateswap="0" gate="1" group="1" side="" type="Any" name="2" />
    <comppin designator="3" sympin="3" pinswap="0" gateswap="0" gate="1" group="1" side="" type="Any" name="3" />
    <comppin designator="4" sympin="4" pinswap="0" gateswap="0" gate="1" group="1" side="" type="Any" name="4" />
    <attached_symbol gate="1" name="DXW21HN5011BL" />
    <pinmap designator="1" footprintpin="1" />
    <pinmap designator="2" footprintpin="2" />
    <pinmap designator="3" footprintpin="3" />
    <pinmap designator="4" footprintpin="4" />
    <text name="Datasheet" originx="0" originy="0" style="Default" rotation="0" justify="" flipped="False" hidden="True" data="https://datasheet.datasheetarchive.com/originals/distributors/DKDS-40/47146.pdf" />
    <text name="Description" originx="0" originy="0" style="Default" rotation="0" justify="" flipped="False" hidden="True" data="Signal Conditioning" />
    <text name="Manufacturer_Name" originx="0" originy="0" style="Default" rotation="0" justify="" flipped="False" hidden="True" data="Murata Electronics" />
    <text name="Manufacturer_Part_Number" originx="650" originy="200" style="Default" rotation="0" justify="left" flipped="False" hidden="False" data="DXW21HN5011BL" />
    <text name="Mouser Part Number" originx="0" originy="0" style="Default" rotation="0" justify="" flipped="False" hidden="True" data="81-DXW21HN5011BL" />
    <text name="Mouser Price/Stock" originx="0" originy="0" style="Default" rotation="0" justify="" flipped="False" hidden="True" data="https://www.mouser.co.uk/ProductDetail/Murata-Electronics/DXW21HN5011BL?qs=qkDYIeTQ%252BEnz0BTUHwsH9Q%3D%3D" />
    <text name="Arrow Part Number" originx="0" originy="0" style="Default" rotation="0" justify="" flipped="False" hidden="True" data="DXW21HN5011BL" />
    <text name="Arrow Price/Stock" originx="0" originy="0" style="Default" rotation="0" justify="" flipped="False" hidden="True" data="https://www.arrow.com/en/products/dxw21hn5011bl/murata-manufacturing" />
  </component>
</quadcept_library>
